Título,Num Comentários,Rating,Descriçao
Rotas e Rochas Turismo,390,"5,0","Excursões de off-road, quadriciclo e 4WD • Passeios de bicicleta"
O Mundo é Bão - Escola de Parapente e Voo Duplo,126,"5,0",Parapente e paragliding • Excursões para esportes radicais
Bau Ecoturismo,204,"5,0",Canionismo e rapel • Passeios de bicicleta
Rota das Araucárias,79,"5,0",Excursões ecológicas • Excursões com caminhada e acampamentoAberto agora
Atibaia 4x4,59,"5,0",Passeios turísticos • Passeios e excursões privados
Thermas do Vale,252,"4,0",Parques aquáticos • Clubes com piscina e praia
Pedra Ana Chata,29,"5,0",Natureza e vida selvagem • Trilhas para caminhada
EcoQuadri,27,"5,0","Excursões de off-road, quadriciclo e 4WDFechado temporariamente"
Montana Rafting,32,"5,0",Rafting e tubing
 Pesqueiro Sítio Matão,47,"4,5",Natureza e vida selvagem • Trilhas para caminhada
 Trilha das 7 Cachoeiras,58,"4,5",Trilhas para caminhada
 Horto Municipal Renato Correia Penna,101,"3,5",Parques • Trilhas para caminhada
 EcoValetur,18,"5,0",Excursões ecológicas
 Overdive Mergulho,13,"5,0",Mergulho com e sem snorkel • Locação de equipamentos
 Accetur Agência de Turismo e Locação de Veículos Ltda,8,"5,0",Excursões culturais • Passeios de balão
 Dimy Climbing,11,"4,5",Passeios para escalada
 Cia de Rafting,11,"5,0",Rafting e tubingCity Center
 Haras Haddad,5,"5,0",Trilhas para cavalgada • Passeios a cavalo
 Rio Santo Turismo,13,"4,0",Passeios de barco
 Base Adventure,6,"5,0",Parapente e paragliding
 Rancho  Country,3,"5,0",Passeios a cavalo
 Atibaia Turismo,4,"5,0",Excursões culturais • Passeios de balão
 Trilha Minha Deusa,2,"5,0",Trilhas para caminhada
 Gaia Aventuras,3,"5,0",Canionismo e rapel • Passeios para escalada
 Por Do Sol No Bauzinho,2,"4,5",Trilhas para caminhada
 Vibe Vale Viagens,4,"4,0",Excursões ecológicas • Excursões pela natureza e vida selvagem
 Pico Agudo Voo Livre,3,"4,0",Parapente e paraglidingAberto agora
 Circuito Vale Do Baú,1,"5,0",Trilhas para caminhada
 Haras Haddad Atibaia,1,"5,0",Trilhas para cavalgada • Passeios a cavalo
 Paraquedismo Pinda,1,"5,0",Parapente e paragliding • Paraquedismo
